{
  "camera_pose (RRA/RTA/AUC)": {
    "RRA_mean_deg": 0.5302717913637859,
    "RRA_median_deg": 0.5549663598807437,
    "RTA_mean_deg": 0.8533534916784735,
    "RTA_median_deg": 0.8058790867321937,
    "AUC@5": 0.8977866666666667,
    "AUC@10": 0.9488900000000001,
    "AUC@30": 0.9829666666666667,
    "n_pairs": 300
  },
  "depth (per-pixel)": {
    "valid_pix": 6708100,
    "abs_rel": 0.04454395209109115,
    "sq_rel": 0.008761550197596639,
    "rmse": 0.11637604956480245,
    "rmse_log": 0.08891837749688448,
    "delta_1.25": 0.9655452363560472,
    "delta_1.25^2": 0.9920355987537455,
    "delta_1.25^3": 0.9984089384475485,
    "mae": 0.05080528796493516
  },
  "point_cloud (Acc/Comp/Chamfer)": {
    "accuracy": 0.008238871687020685,
    "completeness": 0.008053096417699468,
    "overall_chamfer": 0.008145984052360077,
    "n_pts_ref": 2967250,
    "n_pts_test": 2568817
  },
  "timing_holov": {
    "dino_patch_embed": "0.0759s",
    "frame_attn": "0.1387s",
    "global_attn": "0.3687s",
    "holov_prune": "0.0060s",
    "camera_head": "0.0066s",
    "depth_head": "0.0685s",
    "end_to_end": "0.6810s"
  }
}