{
  "camera_pose (RRA/RTA/AUC)": {
    "RRA_mean_deg": 0.4272472603127128,
    "RRA_median_deg": 0.3956476047075479,
    "RTA_mean_deg": 0.5267253425055685,
    "RTA_median_deg": 0.4427895977748302,
    "AUC@5": 0.9359500000000001,
    "AUC@10": 0.9679666666666666,
    "AUC@30": 0.9893233333333333,
    "n_pairs": 300
  },
  "depth (per-pixel)": {
    "valid_pix": 6708100,
    "abs_rel": 0.030081314782916303,
    "sq_rel": 0.00402692086410265,
    "rmse": 0.0722418119463356,
    "rmse_log": 0.059756409500176605,
    "delta_1.25": 0.9863354750227337,
    "delta_1.25^2": 0.9984128143587603,
    "delta_1.25^3": 0.9997195927311757,
    "mae": 0.03157956320640217
  },
  "point_cloud (Acc/Comp/Chamfer)": {
    "accuracy": 0.003664115614150104,
    "completeness": 0.0037586062292023752,
    "overall_chamfer": 0.0037113609216762396,
    "n_pts_ref": 2967247,
    "n_pts_test": 2763430
  },
  "timing_[FastMode]": {
    "dino_patch_embed": "0.0758s",
    "frame_attn": "0.1716s",
    "global_attn": "0.2269s",
    "camera_head": "0.0066s",
    "depth_head": "0.0686s",
    "end_to_end": "0.5555s"
  }
}